City_ID,City,Country,Date,Lat,Lng,Max Temp,Humidity,Cloudiness,Wind Speed
0,Avarua,CK,2022-12-21 20:39:59,-21.2078,-159.775,82.45,89,20,14.97
1,Vardo,NO,2022-12-21 20:39:59,70.3705,31.1107,26.58,93,100,14.97
2,Alice Springs,AU,2022-12-21 20:35:22,-23.7,133.8833,76.55,57,100,10.36
3,Urumqi,CN,2022-12-21 20:36:01,43.801,87.6005,0.55,85,11,4.47
4,Pochutla,MX,2022-12-21 20:40:00,15.7432,-96.4661,84.81,51,0,7.27
5,Mendi,PG,2022-12-21 20:40:01,-6.1761,143.6513,57.06,97,100,2.13
6,Maceio,BR,2022-12-21 20:40:01,-9.6658,-35.7353,83.64,65,20,13.8
7,Rikitea,PF,2022-12-21 20:40:02,-23.1203,-134.9692,77.05,81,96,15.03
8,Qaanaaq,GL,2022-12-21 20:40:03,77.484,-69.3632,-23.73,84,19,6.15
9,College,US,2022-12-21 20:40:03,64.8569,-147.8028,-32.85,60,20,0.0
10,Kiruna,SE,2022-12-21 20:40:04,67.8557,20.2251,11.32,85,100,0.0
11,Petropavlovsk-Kamchatskiy,RU,2022-12-21 20:40:04,53.0452,158.6483,32.59,75,75,13.42
12,Kolpny,RU,2022-12-21 20:40:05,52.2282,37.0368,33.04,96,100,9.71
13,Kodiak,US,2022-12-21 20:40:05,57.79,-152.4072,38.71,93,100,25.32
14,Faanui,PF,2022-12-21 20:40:06,-16.4833,-151.75,81.07,76,100,20.02
15,Ushuaia,AR,2022-12-21 20:40:06,-54.8,-68.3,64.06,55,20,6.91
16,Dikson,RU,2022-12-21 20:40:07,73.5069,80.5464,-27.85,93,100,9.1
17,Tuatapere,NZ,2022-12-21 20:40:07,-46.1333,167.6833,62.55,66,57,2.51
18,Kang,BW,2022-12-21 20:40:08,-23.6752,22.7876,81.93,19,0,5.93
19,Port Alfred,ZA,2022-12-21 20:40:08,-33.5906,26.891,67.17,76,33,5.99
20,Souillac,MU,2022-12-21 20:40:12,-20.5167,57.5167,75.58,78,40,3.44
21,Busselton,AU,2022-12-21 20:40:16,-33.65,115.3333,59.23,78,0,11.99
22,Norman Wells,CA,2022-12-21 20:40:20,65.282,-126.8329,-23.76,69,100,3.44
23,Whitehaven,GB,2022-12-21 20:40:21,54.549,-3.5841,46.65,100,95,8.01
24,Barrow,US,2022-12-21 20:35:24,71.2906,-156.7887,-14.78,84,0,11.5
25,Nelson Bay,AU,2022-12-21 20:40:22,-32.7167,152.15,61.0,93,87,3.0
26,Yulara,AU,2022-12-21 20:40:23,-25.2406,130.9889,79.47,29,100,19.71
27,Boyolangu,ID,2022-12-21 20:40:23,-8.1181,111.8935,76.06,86,100,1.81
28,Kapaa,US,2022-12-21 20:39:53,22.0752,-159.319,79.12,75,0,5.75
29,Vaini,TO,2022-12-21 20:40:24,-21.2,-175.2,84.36,84,20,12.66
30,Tabou,CI,2022-12-21 20:40:25,4.423,-7.3528,79.5,79,83,6.42
31,Butaritari,KI,2022-12-21 20:40:25,3.0707,172.7902,81.45,78,90,17.4
32,Yar-Sale,RU,2022-12-21 20:40:25,66.8333,70.8333,-7.76,90,98,9.73
33,Kalat,PK,2022-12-21 20:40:26,29.0225,66.5916,34.12,46,26,2.73
34,Puerto Ayora,EC,2022-12-21 20:40:26,-0.7393,-90.3518,82.36,90,36,5.01
35,Carnarvon,AU,2022-12-21 20:40:27,-24.8667,113.6333,77.49,59,0,12.06
36,Tasiilaq,GL,2022-12-21 20:40:27,65.6145,-37.6368,17.76,57,5,4.99
37,Saint George,US,2022-12-21 20:35:30,37.1041,-113.5841,52.63,35,0,3.0
38,Nara,JP,2022-12-21 20:40:07,34.6851,135.8049,46.9,69,100,2.13
39,Mezen,RU,2022-12-21 20:40:28,65.8522,44.24,16.11,94,100,10.27
40,Riohacha,CO,2022-12-21 20:40:29,11.5444,-72.9072,89.71,48,20,20.71
41,Mar Del Plata,AR,2022-12-21 20:39:35,-38.0023,-57.5575,77.83,75,0,26.46
42,Abu Kamal,SY,2022-12-21 20:40:29,34.4506,40.9171,58.55,49,100,4.21
43,Zaragoza,ES,2022-12-21 20:39:05,41.6561,-0.8773,57.45,78,0,6.91
44,Chokurdakh,RU,2022-12-21 20:40:30,70.6333,147.9167,-11.07,100,30,1.63
45,Namibe,AO,2022-12-21 20:40:30,-15.1961,12.1522,68.76,71,26,11.74
46,Jumla,NP,2022-12-21 20:40:31,29.2747,82.1838,35.65,29,0,4.81
47,Bredasdorp,ZA,2022-12-21 20:41:31,-34.5322,20.0403,65.75,72,0,8.19
48,Portmore,JM,2022-12-21 20:41:32,17.9702,-76.8672,85.05,74,40,20.71
49,Mukhen,RU,2022-12-21 20:41:32,48.1,136.1,0.9,89,100,2.84
50,Burgeo,CA,2022-12-21 20:41:33,47.6167,-57.6152,28.02,74,5,6.87
51,Hobart,AU,2022-12-21 20:37:50,-42.8794,147.3294,55.26,86,0,10.36
52,Tuktoyaktuk,CA,2022-12-21 20:41:34,69.4541,-133.0374,-13.0,77,75,11.5
53,Ribeira Grande,PT,2022-12-21 20:41:34,38.5167,-28.7,65.77,94,75,24.0
54,Punta Arenas,CL,2022-12-21 20:41:34,-53.15,-70.9167,66.22,67,40,9.22
55,Severo-Kurilsk,RU,2022-12-21 20:41:36,50.6789,156.125,32.94,95,100,29.15
56,Victoria,HK,2022-12-21 20:39:20,22.2855,114.1577,62.26,39,8,13.0
57,Jamestown,US,2022-12-21 20:37:33,42.097,-79.2353,35.24,46,0,0.0
58,Cape Town,ZA,2022-12-21 20:40:00,-33.9258,18.4232,72.1,71,0,9.22
59,Sola,VU,2022-12-21 20:41:37,-13.8833,167.55,82.98,75,51,14.0
60,Tazovskiy,RU,2022-12-21 20:41:38,67.4667,78.7,-15.0,97,99,7.02
61,Lavrentiya,RU,2022-12-21 20:41:38,65.5833,-171.0,10.36,82,5,16.67
62,Huaihua,CN,2022-12-21 20:41:38,27.5494,109.9592,42.91,56,33,0.29
63,Bluff,NZ,2022-12-21 20:41:39,-46.6,168.3333,56.75,76,59,2.86
64,Salalah,OM,2022-12-21 20:41:39,17.0151,54.0924,75.29,57,0,5.75
65,Longyearbyen,SJ,2022-12-21 20:41:40,78.2186,15.6401,10.24,72,75,11.5
66,Cody,US,2022-12-21 20:41:40,44.5263,-109.0565,-14.08,72,100,14.97
67,Ambilobe,MG,2022-12-21 20:41:41,-13.2,49.05,75.74,90,60,0.51
68,Caravelas,BR,2022-12-21 20:41:42,-17.7125,-39.2481,75.16,93,100,4.38
69,Gaillac,FR,2022-12-21 20:41:42,43.9016,1.8969,55.9,85,100,2.08
70,Boende,CD,2022-12-21 20:41:43,-0.2167,20.8667,72.59,85,100,1.25
71,Klyuchi,RU,2022-12-21 20:41:43,52.2667,79.1667,17.67,93,100,17.9
72,Thunder Bay,CA,2022-12-21 20:37:47,48.4001,-89.3168,-5.82,59,75,8.05
73,Camacha,PT,2022-12-21 20:41:44,33.0833,-16.3333,63.82,88,20,3.44
74,Nikolskoye,RU,2022-12-21 20:41:44,59.7035,30.7861,35.49,99,100,8.25
75,Kagoro,NG,2022-12-21 20:41:45,9.6,8.3833,67.08,25,36,7.43
76,New Norfolk,AU,2022-12-21 20:41:45,-42.7826,147.0587,54.9,71,100,2.24
77,Lagoa,PT,2022-12-21 20:41:46,39.05,-27.9833,61.39,89,100,30.22
78,Carinhanha,BR,2022-12-21 20:41:46,-14.3047,-43.765,73.06,89,100,4.76
79,Teguise,ES,2022-12-21 20:41:47,29.0605,-13.564,62.82,59,0,8.05
80,Lebu,CL,2022-12-21 20:41:47,-37.6167,-73.65,65.16,73,71,12.03
81,Luderitz,NA,2022-12-21 20:41:48,-26.6481,15.1594,65.89,86,2,3.6
82,Georgetown,MY,2022-12-21 20:41:48,5.4112,100.3354,80.53,90,20,9.22
83,Sao Filipe,CV,2022-12-21 20:41:49,14.8961,-24.4956,75.85,63,0,14.83
84,Anshun,CN,2022-12-21 20:41:49,26.25,105.9333,42.55,62,99,4.34
85,Poum,NC,2022-12-21 20:41:50,-20.2333,164.0167,77.9,79,82,8.55
86,Mataura,NZ,2022-12-21 20:41:50,-46.1927,168.8643,62.51,62,36,3.87
87,Vila Velha,BR,2022-12-21 20:41:51,-20.3297,-40.2925,78.94,90,75,11.99
88,Araguaina,BR,2022-12-21 20:41:51,-7.1911,-48.2072,79.81,77,97,3.96
89,Cockburn Town,TC,2022-12-21 20:39:07,21.4612,-71.1419,80.56,65,40,11.5
90,Todos Santos,MX,2022-12-21 20:41:52,23.45,-110.2167,84.04,52,0,8.14
91,Sur,OM,2022-12-21 20:42:52,22.5667,59.5289,70.5,57,0,1.88
92,Manta,EC,2022-12-21 20:42:53,-0.95,-80.7333,82.18,65,40,12.66
93,Benemerito De Las Americas,MX,2022-12-21 20:42:53,16.5167,-90.6439,80.98,66,32,1.99
94,Provideniya,RU,2022-12-21 20:42:54,64.3833,-173.3,17.71,62,40,45.01
95,Yellowknife,CA,2022-12-21 20:41:05,62.456,-114.3525,-30.44,68,20,2.3
96,Kibala,TD,2022-12-21 20:42:54,9.1104,18.3463,67.95,77,0,3.44
97,Kamina,CD,2022-12-21 20:42:55,-8.7386,24.9906,64.38,97,100,3.98
98,Hilo,US,2022-12-21 20:42:55,19.7297,-155.09,80.33,67,0,5.99
99,Mount Gambier,AU,2022-12-21 20:42:56,-37.8333,140.7667,63.66,71,37,3.36
100,Arraial Do Cabo,BR,2022-12-21 20:42:56,-22.9661,-42.0278,73.36,94,75,12.66
101,Kigoma,TZ,2022-12-21 20:42:57,-4.8769,29.6267,72.0,84,98,4.09
102,Innisfail,AU,2022-12-21 20:42:57,-17.5333,146.0333,76.68,81,100,10.76
103,Kumluca,TR,2022-12-21 20:42:58,36.3703,30.2869,54.79,54,0,6.02
104,Roald,NO,2022-12-21 20:42:58,62.5833,6.1333,40.08,81,40,4.61
105,Inta,RU,2022-12-21 20:42:58,66.0317,60.1659,-14.03,91,30,12.03
106,Urbana,US,2022-12-21 20:38:58,40.1106,-88.2073,35.76,78,20,8.05
107,Nurota,UZ,2022-12-21 20:42:59,40.5614,65.6886,29.34,90,54,7.2
108,Nantucket,US,2022-12-21 20:41:59,41.2835,-70.0995,42.91,67,75,4.61
109,Kailua,US,2022-12-21 20:39:26,21.4022,-157.7394,81.45,70,5,1.01
110,Kodinsk,RU,2022-12-21 20:43:00,58.6881,99.1844,13.51,98,100,3.58
111,Atuona,PF,2022-12-21 20:43:00,-9.8,-139.0333,78.71,81,15,21.14
112,East London,ZA,2022-12-21 20:43:01,-33.0153,27.9116,66.0,77,14,18.28
113,Hermanus,ZA,2022-12-21 20:43:01,-34.4187,19.2345,70.81,71,0,10.29
114,Albany,US,2022-12-21 20:38:26,42.6001,-73.9662,34.45,71,12,1.63
115,Ostrovnoy,RU,2022-12-21 20:43:02,68.0531,39.5131,16.72,89,100,9.57
116,Mae Hong Son,TH,2022-12-21 20:43:02,19.3003,97.9685,65.01,88,69,1.77
117,Sylva,RU,2022-12-21 20:43:03,58.0348,56.7635,-8.23,100,100,2.08
118,Fortuna,US,2022-12-21 20:43:03,40.5982,-124.1573,59.94,90,100,0.0
119,Jimma,ET,2022-12-21 20:43:04,7.6667,36.8333,58.26,88,85,1.77
120,San Policarpo,PH,2022-12-21 20:43:04,12.1791,125.5072,76.84,89,67,4.32
121,Torbay,CA,2022-12-21 20:43:05,47.6666,-52.7314,34.57,87,75,15.01
122,Los Llanos De Aridane,ES,2022-12-21 20:43:05,28.6585,-17.9182,64.15,78,0,7.0
123,Samarai,PG,2022-12-21 20:43:06,-10.6167,150.6667,82.85,77,91,7.83
124,Tsiroanomandidy,MG,2022-12-21 20:43:06,-18.7667,46.0333,68.13,93,90,1.79
125,Castro,BR,2022-12-21 20:43:07,-24.7911,-50.0119,67.26,75,33,6.33
126,Macas,EC,2022-12-21 20:43:07,-2.3167,-78.1167,80.35,61,40,10.36
127,Asau,RO,2022-12-21 20:43:08,46.4333,26.4,25.72,45,39,6.33
128,Saint-Pierre,RE,2022-12-21 20:43:08,-21.3393,55.4781,74.91,64,0,4.61
129,Port Elizabeth,ZA,2022-12-21 20:43:09,-33.918,25.5701,68.29,75,0,19.57
130,Alakurtti,RU,2022-12-21 20:43:09,66.9672,30.3491,8.33,99,100,2.15
131,Sungaipenuh,ID,2022-12-21 20:43:10,-2.0833,101.3833,63.41,79,100,2.06
132,Oranjemund,NA,2022-12-21 20:43:11,-28.55,16.4333,67.14,82,0,4.9
133,Hamilton,US,2022-12-21 20:42:15,39.1834,-84.5333,43.77,50,0,8.05
134,Linxia,CN,2022-12-21 20:43:11,35.6003,103.2064,18.45,58,14,3.15
135,Casper,US,2022-12-21 20:43:12,42.8666,-106.3131,-14.28,72,100,12.66
136,Sobolevo,RU,2022-12-21 20:43:12,54.4299,31.8996,33.48,98,100,13.24
137,Saint-Philippe,RE,2022-12-21 20:43:13,-21.3585,55.7679,74.79,76,100,7.36
138,Olinda,BR,2022-12-21 20:41:21,-8.0089,-34.8553,82.13,65,40,9.22
139,Udankudi,IN,2022-12-21 20:44:13,8.4333,78.0167,77.34,77,100,14.0
140,Dingle,PH,2022-12-21 20:44:14,10.9995,122.6711,73.99,92,72,4.05
141,Katsuura,JP,2022-12-21 20:44:14,35.1333,140.3,48.22,91,100,21.39
142,Kovdor,RU,2022-12-21 20:44:15,67.5662,30.4758,5.2,100,100,1.16
143,Port Lincoln,AU,2022-12-21 20:44:15,-34.7333,135.8667,62.2,86,28,5.23
144,Westport,US,2022-12-21 20:44:15,41.1415,-73.3579,40.98,62,0,6.91
145,Leningradskiy,RU,2022-12-21 20:44:16,69.3833,178.4167,4.06,79,2,9.86
146,Rosita,NI,2022-12-21 20:44:17,13.9268,-84.4032,86.52,51,38,6.22
147,Taoudenni,ML,2022-12-21 20:44:17,22.6783,-3.9836,70.77,24,0,15.1
148,Constitucion,CL,2022-12-21 20:40:52,-35.3333,-72.4167,67.26,63,0,10.02
149,Korla,CN,2022-12-21 20:44:18,41.7597,86.1469,18.21,56,0,1.9
150,Vigrestad,NO,2022-12-21 20:44:18,58.5667,5.7,42.58,89,97,14.5
151,Cabo San Lucas,MX,2022-12-21 20:43:34,22.8909,-109.9124,79.61,49,0,6.91
152,Oyon,PE,2022-12-21 20:44:19,-10.6681,-76.7731,51.98,84,99,6.49
153,Yerbogachen,RU,2022-12-21 20:44:20,61.2767,108.0108,-1.41,95,99,7.23
154,Misratah,LY,2022-12-21 20:44:20,32.3754,15.0925,62.02,66,1,10.56
155,Egvekinot,RU,2022-12-21 20:44:21,66.3167,-179.1667,0.57,70,0,12.53
156,Wajir,KE,2022-12-21 20:41:35,1.7471,40.0573,85.08,40,89,13.31
157,Diu,IN,2022-12-21 20:44:21,20.7141,70.9822,72.0,32,0,6.69
158,Alofi,NU,2022-12-21 20:44:22,-19.0595,-169.9187,82.29,74,40,12.66
159,Srednekolymsk,RU,2022-12-21 20:44:22,67.45,153.6833,-5.3,90,7,2.19
160,Pangody,RU,2022-12-21 20:44:23,65.85,74.4859,-11.56,98,100,8.08
161,Kargasok,RU,2022-12-21 20:44:23,59.0556,80.8572,-18.33,100,71,4.92
162,Torrington,US,2022-12-21 20:44:24,41.8007,-73.1212,38.05,59,20,2.71
163,Banda Aceh,ID,2022-12-21 20:44:24,5.5577,95.3222,78.46,79,95,3.49
164,Russell,US,2022-12-21 20:44:25,32.3502,-85.1999,48.0,87,100,5.75
165,Ponta Do Sol,PT,2022-12-21 20:44:26,32.6667,-17.1,67.71,88,77,3.11
166,Hit,IQ,2022-12-21 20:44:26,33.6416,42.8251,59.02,63,97,5.53
167,Bosaso,SO,2022-12-21 20:44:27,11.2842,49.1816,75.04,81,11,3.11
168,Half Moon Bay,US,2022-12-21 20:44:27,37.4636,-122.4286,62.58,65,0,6.91
169,Ibra,OM,2022-12-21 20:44:28,22.6906,58.5334,67.44,51,100,3.85
170,Xiantao,CN,2022-12-21 20:44:28,30.3833,113.4,44.71,35,0,13.06
171,Faya,SA,2022-12-21 20:44:28,18.3851,42.4509,51.91,58,39,5.08
172,Bereda,ES,2022-12-21 20:44:29,43.2686,-7.5406,58.41,98,98,9.48
173,Maarianhamina,AX,2022-12-21 20:44:29,60.0973,19.9348,39.06,87,20,6.91
174,Shubarshi,KZ,2022-12-21 20:41:23,48.5872,57.1869,19.13,93,100,4.29
175,Sao Felix Do Xingu,BR,2022-12-21 20:44:30,-6.6447,-51.995,78.93,78,83,3.11
176,Airai,TL,2022-12-21 20:44:31,-8.9266,125.4092,59.86,90,100,1.05
177,Sinnamary,GF,2022-12-21 20:44:31,5.3833,-52.95,77.95,82,98,12.03
178,Yanam,IN,2022-12-21 20:44:32,16.7333,82.2167,72.73,73,98,5.73
179,Naze,JP,2022-12-21 20:44:32,28.3667,129.4833,56.32,58,42,22.62
180,Baykit,RU,2022-12-21 20:44:33,61.67,96.37,-2.31,99,100,1.97
181,Okhotsk,RU,2022-12-21 20:44:33,59.3833,143.3,24.33,90,100,12.19
182,Mizdah,LY,2022-12-21 20:44:33,31.4451,12.9801,52.95,68,20,6.11
183,Makakilo City,US,2022-12-21 20:44:34,21.3469,-158.0858,79.12,69,40,12.66
184,Cidreira,BR,2022-12-21 20:44:34,-30.1811,-50.2056,71.83,76,3,14.32
185,Kaitangata,NZ,2022-12-21 20:44:35,-46.2817,169.8464,60.84,65,20,9.95
186,Korem,ET,2022-12-21 20:44:35,12.5058,39.5228,50.09,75,18,0.31
187,Rawson,AR,2022-12-21 20:40:59,-43.3002,-65.1023,79.9,40,69,12.06
188,Filingue,NE,2022-12-21 20:45:36,14.3521,3.3168,72.45,19,100,12.66
189,Fairbanks,US,2022-12-21 20:45:37,64.8378,-147.7164,-32.84,60,20,0.0
190,Upernavik,GL,2022-12-21 20:45:37,72.7868,-56.1549,2.5,98,100,15.64
191,Jaciara,BR,2022-12-21 20:45:37,-15.9653,-54.9683,80.04,74,86,4.74
192,Gold Coast,AU,2022-12-21 20:42:11,-28.0,153.4333,72.18,79,100,0.0
193,Nyurba,RU,2022-12-21 20:45:38,63.2842,118.3319,-38.09,100,48,2.08
194,Sussex,US,2022-12-21 20:45:39,41.1834,-74.6663,40.05,59,0,1.99
195,Sangar,RU,2022-12-21 20:45:39,63.9242,127.4739,-36.29,100,44,2.33
196,Mindelo,CV,2022-12-21 20:45:40,16.8901,-24.9804,74.75,60,20,20.71
197,Asfi,MA,2022-12-21 20:45:40,32.2994,-9.2372,62.6,78,18,12.1
198,Santa Rosa,PH,2022-12-21 20:44:36,14.3122,121.1114,78.78,80,87,3.38
199,Kirensk,RU,2022-12-21 20:45:41,57.7853,108.1119,8.6,94,100,4.18
200,Touros,BR,2022-12-21 20:45:41,-5.1989,-35.4608,79.84,78,61,12.21
201,Awjilah,LY,2022-12-21 20:45:42,29.1081,21.2869,53.13,59,4,6.38
202,Kahului,US,2022-12-21 20:41:55,20.8947,-156.47,81.84,63,20,17.27
203,Aksarka,RU,2022-12-21 20:45:42,66.5606,67.7975,-1.7,83,80,11.68
204,Woodward,US,2022-12-21 20:41:25,36.4337,-99.3904,45.63,70,100,19.57
205,Raudeberg,NO,2022-12-21 20:45:43,61.9875,5.1352,38.95,63,100,8.5
206,Dakar,SN,2022-12-21 20:42:10,14.6937,-17.4441,77.88,67,0,21.83
207,Beyneu,KZ,2022-12-21 20:41:19,45.3167,55.2,26.24,63,35,5.99
208,Kavieng,PG,2022-12-21 20:45:44,-2.5744,150.7967,81.32,76,100,5.88
209,Olafsvik,IS,2022-12-21 20:45:44,64.8945,-23.7142,31.96,64,90,28.63
210,Pozoblanco,ES,2022-12-21 20:45:45,38.3791,-4.8483,49.42,92,100,3.6
211,Nouakchott,MR,2022-12-21 20:45:45,18.0858,-15.9785,73.33,30,0,11.23
212,Ancud,CL,2022-12-21 20:45:46,-41.8697,-73.8203,62.83,72,26,19.91
213,Batamshinskiy,KZ,2022-12-21 20:45:46,50.5594,58.2747,7.48,99,88,8.43
214,Lompoc,US,2022-12-21 20:45:47,34.6391,-120.4579,71.01,38,20,6.91
215,Minab,IR,2022-12-21 20:45:47,27.1467,57.0801,70.12,17,10,3.44
216,Oktyabrskoye,RU,2022-12-21 20:45:48,43.0645,44.7417,17.74,93,100,0.0
217,Itoman,JP,2022-12-21 20:45:48,26.1247,127.6694,60.82,61,75,29.93
218,Husavik,IS,2022-12-21 20:45:49,66.0449,-17.3389,27.61,71,100,17.45
219,San Cristobal,VE,2022-12-21 20:44:19,7.7669,-72.225,78.98,48,12,2.28
220,Haines Junction,CA,2022-12-21 20:44:21,60.7522,-137.5108,-25.65,68,100,1.14
221,Zhaotong,CN,2022-12-21 20:45:50,27.3167,103.7167,36.28,95,100,4.25
222,Rio Gallegos,AR,2022-12-21 20:43:32,-51.6226,-69.2181,68.05,52,20,12.66
223,Tiksi,RU,2022-12-21 20:45:50,71.6872,128.8694,-15.63,95,99,6.82
224,Taganak,PH,2022-12-21 20:45:51,6.0833,118.3,77.14,84,16,16.22
225,Tenenkou,ML,2022-12-21 20:45:51,14.4572,-4.9169,72.64,17,100,12.66
226,Ixtapa,MX,2022-12-21 20:45:52,20.7,-105.2,84.42,46,84,6.13
227,Khatanga,RU,2022-12-21 20:45:52,71.9667,102.5,-16.11,78,25,16.55
228,Vrangel,RU,2022-12-21 20:45:52,42.7297,133.0839,28.24,85,100,9.22
229,Hasaki,JP,2022-12-21 20:45:53,35.7333,140.8333,42.22,83,100,21.0
230,Palana,RU,2022-12-21 20:45:53,59.1167,159.9667,20.88,71,100,19.26
231,Sokoni,TZ,2022-12-21 20:45:54,-6.4333,39.55,80.56,83,100,11.63
232,Myitkyina,MM,2022-12-21 20:45:54,25.3833,97.4,56.44,73,3,2.55
233,Vila Do Maio,CV,2022-12-21 20:46:55,15.1333,-23.2167,75.99,69,0,19.66
234,Dongsheng,CN,2022-12-21 20:46:55,39.8161,109.9776,7.5,43,1,7.47
235,Narsaq,GL,2022-12-21 20:46:56,60.9167,-46.05,7.02,65,0,8.66
236,Premia De Mar,ES,2022-12-21 20:46:56,41.4921,2.3652,58.95,76,44,5.32
237,Zhaodong,CN,2022-12-21 20:46:57,46.0833,125.9833,-5.04,94,100,12.06
238,Urusha,RU,2022-12-21 20:46:57,54.05,122.9,-28.34,97,59,3.38
239,Torrejon De Ardoz,ES,2022-12-21 20:46:57,40.4553,-3.4697,53.65,92,75,17.27
240,Pisco,PE,2022-12-21 20:46:58,-13.7,-76.2167,77.05,69,0,24.16
241,Kushima,JP,2022-12-21 20:46:59,31.4583,131.2333,49.5,82,21,13.89
242,Goderich,CA,2022-12-21 20:46:59,43.7501,-81.7165,27.91,68,63,4.61
243,Terrace Bay,CA,2022-12-21 20:47:00,48.7834,-87.1,4.71,83,97,6.55
244,Nkhotakota,MW,2022-12-21 20:47:00,-12.9274,34.2961,71.92,93,100,6.82
245,Lakes Entrance,AU,2022-12-21 20:47:01,-37.8811,147.981,59.16,74,100,3.71
246,Atar,MR,2022-12-21 20:47:01,20.5169,-13.0499,67.64,18,0,9.55
247,Nanortalik,GL,2022-12-21 20:47:02,60.1432,-45.2371,20.59,58,0,5.23
248,Sisimiut,GL,2022-12-21 20:47:02,66.9395,-53.6735,13.59,65,22,7.63
249,Saskylakh,RU,2022-12-21 20:47:03,71.9167,114.0833,-30.73,94,7,9.93
250,Gazojak,TM,2022-12-21 20:47:03,41.1875,61.4036,28.08,70,0,6.49
251,Chuy,UY,2022-12-21 20:47:03,-33.6971,-53.4616,71.98,59,66,13.58
252,Kiama,AU,2022-12-21 20:47:04,-34.6833,150.8667,67.24,73,100,5.01
253,Codrington,AU,2022-12-21 20:47:05,-38.2667,141.9667,63.63,75,99,3.2
254,Saint-Francois,FR,2022-12-21 20:47:05,46.4154,3.9054,53.04,71,100,8.05
255,Yambio,SS,2022-12-21 20:47:06,4.5721,28.3955,74.55,46,80,3.13
256,Naron,ES,2022-12-21 20:47:06,43.5167,-8.1528,63.59,88,79,14.63
257,Fort Nelson,CA,2022-12-21 20:47:06,58.8053,-122.7002,-40.41,60,20,2.3
258,Kwinana,AU,2022-12-21 20:47:07,-32.25,115.7667,71.19,55,11,1.01
259,Pacific Grove,US,2022-12-21 20:46:04,36.6177,-121.9166,63.25,65,0,8.99
260,Hervey Bay,AU,2022-12-21 20:47:08,-25.2986,152.8535,72.3,62,9,9.55
261,Shingu,JP,2022-12-21 20:47:08,33.7333,135.9833,52.07,93,82,7.65
262,Chumikan,RU,2022-12-21 20:47:09,54.7183,135.315,-5.53,93,99,14.83
263,Turbat,PK,2022-12-21 20:47:09,26.0023,63.044,59.29,21,7,11.18
264,Beringovskiy,RU,2022-12-21 20:47:09,63.05,179.3167,25.92,66,100,36.73
265,Nago,JP,2022-12-21 20:47:10,26.5881,127.9761,59.45,61,1,23.4
266,Fuente Palmera,ES,2022-12-21 20:47:10,37.7049,-5.0996,50.95,83,100,1.99
267,Bodden Town,KY,2022-12-21 20:47:11,19.2833,-81.25,82.98,79,40,6.91
268,Atasu,KZ,2022-12-21 20:47:11,48.6814,71.6433,2.1,97,100,11.12
269,Iqaluit,CA,2022-12-21 20:47:12,63.7506,-68.5145,-4.27,70,40,2.3
270,Sarangani,PH,2022-12-21 20:47:12,5.4033,125.4636,82.33,79,83,14.97
271,Impfondo,CG,2022-12-21 20:47:13,1.6381,18.0667,75.6,73,90,2.84
272,Matara,LK,2022-12-21 20:47:13,5.9485,80.5353,75.36,91,100,4.29
273,Bambous Virieux,MU,2022-12-21 20:47:13,-20.3428,57.7575,76.21,78,40,3.44
274,Troitskoye,RU,2022-12-21 20:47:14,52.9821,84.6757,29.25,77,100,22.82
275,Denpasar,ID,2022-12-21 20:46:27,-8.65,115.2167,78.46,94,75,18.41
276,Gamba,GA,2022-12-21 20:47:15,-2.65,10.0,77.02,85,100,3.18
277,Bhag,PK,2022-12-21 20:47:15,29.0415,67.8239,61.12,20,7,4.97
278,Sillod,IN,2022-12-21 20:47:15,20.3,75.65,66.02,41,19,5.26
279,Deputatskiy,RU,2022-12-21 20:48:16,69.3,139.9,-9.45,99,99,1.19
280,Port Blair,IN,2022-12-21 20:48:17,11.6667,92.75,79.61,75,60,9.06
281,Guasdualito,VE,2022-12-21 20:48:17,7.2424,-70.7324,87.8,55,20,5.75
282,North Myrtle Beach,US,2022-12-21 20:47:30,33.816,-78.68,47.12,87,100,9.22
283,Bethel,US,2022-12-21 20:48:18,41.3712,-73.414,39.65,56,22,2.19
284,Highland Springs,US,2022-12-21 20:48:18,37.546,-77.3278,47.05,51,0,4.61
285,Marystown,CA,2022-12-21 20:48:19,47.1666,-55.1483,32.2,71,38,12.5
286,Isangel,VU,2022-12-21 20:48:19,-19.55,169.2667,78.91,94,100,2.3
287,Ilulissat,GL,2022-12-21 20:48:19,69.2167,-51.1,14.02,41,40,11.5
288,Vanimo,PG,2022-12-21 20:48:20,-2.6741,141.3028,77.97,87,100,3.71
289,Viedma,AR,2022-12-21 20:48:20,-40.8135,-62.9967,87.35,31,90,19.69
290,Khandyga,RU,2022-12-21 20:48:21,62.6667,135.6,-23.21,95,100,0.72
291,Cherskiy,RU,2022-12-21 20:48:21,68.75,161.3,4.77,61,0,3.94
292,Sitka,US,2022-12-21 20:48:22,57.0531,-135.33,24.69,54,20,0.0
293,Padang,ID,2022-12-21 20:48:22,-0.9492,100.3543,76.05,82,88,4.25
294,Swan Hill,AU,2022-12-21 20:47:12,-35.3378,143.5544,66.49,57,98,3.74
295,Gwadar,PK,2022-12-21 20:44:27,25.1216,62.3254,66.69,27,0,12.59
296,Sinegorye,RU,2022-12-21 20:48:23,62.0788,150.477,-1.39,99,92,0.98
297,Zhigalovo,RU,2022-12-21 20:48:24,54.8097,105.1578,0.19,99,100,2.86
298,Veseloyarsk,RU,2022-12-21 20:48:24,51.2836,81.1056,19.9,82,100,25.99
299,Beberibe,BR,2022-12-21 20:48:24,-4.1797,-38.1306,79.57,75,15,8.95
300,Tashtyp,RU,2022-12-21 20:48:25,52.7939,89.8983,12.85,93,100,2.98
301,Bengkulu,ID,2022-12-21 20:48:25,-3.8004,102.2655,75.52,86,100,8.25
302,Mahebourg,MU,2022-12-21 20:48:26,-20.4081,57.7,76.24,78,40,3.44
303,San Quintin,MX,2022-12-21 20:48:26,30.4833,-115.95,64.6,49,0,5.66
304,Sao Jose Da Coroa Grande,BR,2022-12-21 20:48:27,-8.8978,-35.1478,79.61,75,55,13.13
305,Carlyle,US,2022-12-21 20:43:54,38.6103,-89.3726,41.09,74,100,5.73
306,Iquique,CL,2022-12-21 20:47:29,-20.2208,-70.1431,73.44,71,68,9.4
307,Acajutla,SV,2022-12-21 20:48:28,13.5928,-89.8275,84.6,58,4,6.89
308,Rorvik,NO,2022-12-21 20:48:29,64.8621,11.2373,37.51,87,75,9.22
309,Ialibu,PG,2022-12-21 20:48:29,-6.2821,143.9935,58.14,97,100,1.79
310,Esperance,AU,2022-12-21 20:48:30,-33.8667,121.9,58.66,86,52,7.87
311,Gat,IL,2022-12-21 20:48:30,31.61,34.7642,61.39,100,93,3.87
312,Aripuana,BR,2022-12-21 20:48:31,-9.1667,-60.6333,76.44,86,100,2.28
313,Riyadh,SA,2022-12-21 20:45:36,24.6877,46.7219,59.14,38,17,9.01
314,Kenora,CA,2022-12-21 20:48:31,49.8167,-94.4337,-12.03,77,100,2.3
315,Rocha,UY,2022-12-21 20:48:32,-34.4833,-54.3333,75.11,48,5,18.37
316,Comodoro Rivadavia,AR,2022-12-21 20:48:32,-45.8667,-67.5,73.26,40,40,18.41
317,Buala,SB,2022-12-21 20:48:33,-8.145,159.5921,81.57,81,61,5.28
318,Klaksvik,FO,2022-12-21 20:48:33,62.2266,-6.589,40.12,84,100,34.92
319,Pedernales,DO,2022-12-21 20:48:34,18.0384,-71.744,82.06,61,9,4.23
320,Tikhvin,RU,2022-12-21 20:48:35,59.6451,33.5294,32.22,99,100,8.57
321,Vaitape,PF,2022-12-21 20:48:35,-16.5167,-151.75,81.07,77,100,20.07
322,Shimoda,JP,2022-12-21 20:48:35,34.6667,138.95,46.11,92,100,4.99
323,Tefe,BR,2022-12-21 20:48:36,-3.3542,-64.7114,84.31,79,40,0.0
324,Quang Ngai,VN,2022-12-21 20:54:18,15.1167,108.8,66.47,91,95,8.05
325,Chibombo,ZM,2022-12-21 20:56:35,-14.6569,28.0706,65.14,92,91,6.31
326,Paramonga,PE,2022-12-21 20:56:36,-10.6667,-77.8333,73.78,77,86,10.87
327,Nosy Varika,MG,2022-12-21 20:56:37,-20.5833,48.5333,76.05,94,98,6.11
328,Urazovo,RU,2022-12-21 20:56:39,50.0836,38.0395,32.38,87,100,6.17
329,Gazanjyk,TM,2022-12-21 20:56:40,39.2446,55.5154,33.76,56,19,13.15
330,Fukue,JP,2022-12-21 20:56:41,32.6881,128.8419,49.23,63,92,28.48
331,Huntington Beach,US,2022-12-21 20:55:07,33.6603,-117.9992,76.96,52,0,3.0
332,Ulladulla,AU,2022-12-21 20:56:42,-35.35,150.4667,61.77,69,99,4.76
333,Havelock,US,2022-12-21 20:56:43,34.8791,-76.9013,48.99,75,100,4.0
334,Walvis Bay,NA,2022-12-21 20:56:44,-22.9575,14.5053,65.35,82,29,10.36
335,Evensk,RU,2022-12-21 20:56:45,61.95,159.2333,24.76,42,0,36.84
336,Bathsheba,BB,2022-12-21 20:56:46,13.2167,-59.5167,83.01,83,40,18.41
337,Shitanjing,CN,2022-12-21 20:56:47,39.2342,106.3439,16.56,67,0,3.47
338,Zelenoborsk,RU,2022-12-21 20:56:49,61.4669,64.0333,-23.15,94,5,3.98
339,Laguna,US,2022-12-21 20:56:50,38.421,-121.4238,57.02,100,100,4.68
340,Berlevag,NO,2022-12-21 20:56:52,70.8578,29.0864,23.0,86,100,2.3
341,Nchelenge,ZM,2022-12-21 20:56:54,-9.3451,28.734,68.45,89,100,5.21
342,Thompson,CA,2022-12-21 20:56:55,55.7435,-97.8558,-3.84,71,100,12.66
343,Tonstad,NO,2022-12-21 20:56:57,58.6626,6.7169,41.2,99,100,6.91
344,Mangrol,IN,2022-12-21 20:56:58,21.1167,70.1167,70.72,38,0,11.21
345,Kieta,PG,2022-12-21 20:56:59,-6.2167,155.6333,81.43,78,92,1.39
346,Kampot,KH,2022-12-21 20:57:00,10.6167,104.1833,69.85,77,99,4.18
347,Marzuq,YE,2022-12-21 20:57:00,14.4,46.4667,59.49,76,0,4.52
348,Toktogul,KG,2022-12-21 20:57:01,41.8708,72.9402,23.88,92,94,1.01
349,Plettenberg Bay,ZA,2022-12-21 20:57:02,-34.0527,23.3716,66.13,70,0,8.86
350,Kloulklubed,PW,2022-12-21 20:57:03,7.0419,134.2556,82.87,72,81,4.72
351,Santiago Del Estero,AR,2022-12-21 20:54:18,-27.7951,-64.2615,106.12,14,2,10.56
352,Kanalion,GR,2022-12-21 20:57:05,39.6056,19.8925,51.82,93,20,0.0
353,Binga,ZW,2022-12-21 20:57:06,-17.6203,27.3414,74.59,75,99,7.61
354,Abu Ghosh,IL,2022-12-21 20:56:06,31.8059,35.1093,54.61,93,28,1.99
355,Bonthe,SL,2022-12-21 20:57:08,7.5264,-12.505,79.65,75,96,7.63
356,Bandarbeyla,SO,2022-12-21 20:57:09,9.4942,50.8122,76.82,80,11,15.05
357,Champerico,GT,2022-12-21 20:57:10,14.3,-91.9167,84.74,66,6,7.54
358,Ingham,US,2022-12-21 20:57:11,42.6,-84.3833,31.01,68,0,4.61
359,Hami,CN,2022-12-21 20:57:12,42.8,93.45,22.53,39,100,2.35
360,Pitimbu,BR,2022-12-21 20:57:13,-7.4706,-34.8086,82.99,72,78,13.62
361,Cooma,AU,2022-12-21 20:57:15,-36.2333,149.1333,55.71,72,100,3.24
362,Tevaitoa,PF,2022-12-21 20:57:16,-16.7833,-151.5,81.3,75,85,21.47
363,Teknaf,BD,2022-12-21 20:57:17,20.8624,92.3058,63.05,73,3,5.5
364,Shiyan,CN,2022-12-21 20:57:18,32.6475,110.7781,40.42,55,0,1.36
365,Semey,KZ,2022-12-21 20:57:19,50.4111,80.2275,17.28,70,80,23.91
366,Moerai,PF,2022-12-21 20:57:20,-22.4333,-151.3333,77.56,83,100,12.62
367,Aasiaat,GL,2022-12-21 20:57:21,68.7098,-52.8699,0.1,82,76,4.61
368,Soyo,AO,2022-12-21 20:58:21,-6.1349,12.3689,78.49,78,97,5.86
369,Amazar,RU,2022-12-21 20:58:22,53.858,120.875,-23.33,97,22,3.76
370,Sao Caetano De Odivelas,BR,2022-12-21 20:58:24,-0.75,-48.02,77.22,89,61,7.29
371,Izazi,TZ,2022-12-21 20:58:25,-7.2,35.7333,73.2,77,100,2.13
372,Puerto Maldonado,PE,2022-12-21 20:58:26,-12.6,-69.1833,77.4,83,20,2.3
373,Sao Joao Da Barra,BR,2022-12-21 20:58:26,-21.6403,-41.0511,77.09,87,19,18.81
374,Aklavik,CA,2022-12-21 20:58:27,68.2191,-135.0107,-5.8,71,75,8.05
375,Jalu,LY,2022-12-21 20:58:28,29.0331,21.5482,52.9,58,2,7.74
376,Lata,PT,2022-12-21 20:58:28,40.1629,-8.3327,61.07,97,99,5.91
377,Boden,SE,2022-12-21 20:58:29,65.8252,21.6886,23.0,96,100,1.74
378,Moose Factory,CA,2022-12-21 20:58:30,51.2585,-80.6094,-0.42,78,40,16.11
379,Brae,GB,2022-12-21 20:58:30,60.3964,-1.353,43.29,81,92,9.22
380,Isla Mujeres,MX,2022-12-21 20:58:31,21.2311,-86.731,82.45,77,4,4.85
381,Gorontalo,ID,2022-12-21 20:58:31,0.5412,123.0595,75.15,94,69,2.91
382,Teya,RU,2022-12-21 20:58:32,60.3778,92.6267,14.13,97,100,1.92
383,Susono,JP,2022-12-21 20:58:33,35.2184,138.8817,43.18,95,100,4.99
384,Krasnoarmeysk,RU,2022-12-21 20:58:34,51.0239,45.6969,18.68,97,53,3.22
385,Bahia De Caraquez,EC,2022-12-21 20:58:35,-0.6,-80.4167,82.58,77,96,12.3
386,Pevek,RU,2022-12-21 20:58:36,69.7008,170.3133,3.69,66,0,2.75
387,Moba,CN,2022-12-21 20:58:37,33.2288,105.0179,26.58,51,48,4.52
388,Monrovia,LR,2022-12-21 20:58:38,6.3005,-10.7969,76.77,74,93,8.5
389,Sorland,NO,2022-12-21 20:58:39,67.667,12.6934,35.46,65,100,16.51
390,Byron Bay,AU,2022-12-21 20:57:08,-28.65,153.6167,67.71,63,20,1.43
391,Vostok,RU,2022-12-21 20:58:41,46.4856,135.8833,13.68,91,100,3.85
392,Hithadhoo,MV,2022-12-21 20:58:42,-0.6,73.0833,81.23,71,78,17.69
393,Omegna,IT,2022-12-21 20:58:44,45.8798,8.408,45.79,82,100,2.33
394,Port-Gentil,GA,2022-12-21 20:58:45,-0.7193,8.7815,78.76,89,40,4.61
395,Purificacion,CO,2022-12-21 20:58:45,3.8587,-74.9313,85.8,60,10,2.33
396,Visby,SE,2022-12-21 20:58:46,57.6409,18.296,40.05,93,75,10.36
397,Nome,US,2022-12-21 20:54:39,64.5011,-165.4064,12.11,63,0,21.23
398,Burnie,AU,2022-12-21 20:58:47,-41.0667,145.9167,59.94,65,100,9.69
399,Lungi,SL,2022-12-21 20:58:48,9.2212,-12.6831,77.94,43,100,6.44
400,Te Anau,NZ,2022-12-21 20:58:49,-45.4167,167.7167,62.58,66,30,1.45
401,Occhiobello,IT,2022-12-21 20:58:49,44.9207,11.5802,43.97,89,100,3.2
402,Harlingen,US,2022-12-21 20:56:00,26.1906,-97.6961,66.11,74,40,10.36
403,Nemuro,JP,2022-12-21 20:58:51,43.3236,145.575,34.43,64,100,9.35
404,Mayumba,GA,2022-12-21 20:58:52,-3.432,10.6554,77.09,85,98,2.33
405,Nhulunbuy,AU,2022-12-21 20:58:55,-12.2333,136.7667,75.81,100,100,3.44
406,Mitzic,GA,2022-12-21 20:58:56,0.7821,11.549,69.69,94,100,1.97
407,Atambua,ID,2022-12-21 20:58:57,-9.1061,124.8925,73.33,82,100,1.1
408,Tessalit,ML,2022-12-21 20:58:58,20.1986,1.0114,65.91,27,66,10.74
409,Peniche,PT,2022-12-21 20:55:51,39.3558,-9.3811,62.29,94,95,12.91
410,Bubaque,GW,2022-12-21 20:59:00,11.2833,-15.8333,81.25,71,100,11.79
411,Baleshwar,IN,2022-12-21 20:59:01,21.4942,86.9317,60.42,41,66,4.18
412,Tiarei,PF,2022-12-21 20:59:02,-17.5333,-149.3333,84.22,82,45,20.4
413,Clyde River,CA,2022-12-21 20:59:05,70.4692,-68.5914,-10.97,84,75,11.5
414,Sweetwater,US,2022-12-21 21:00:09,25.7634,-80.3731,79.0,84,100,1.01
415,Lahaina,US,2022-12-21 20:59:46,20.8783,-156.6825,81.81,65,2,7.27
416,Abnub,EG,2022-12-21 21:00:12,27.2696,31.1511,57.97,58,4,7.81
417,Muzhi,RU,2022-12-21 21:00:13,65.3667,64.6667,-1.14,84,59,10.22
418,Mosquera,CO,2022-12-21 20:57:13,4.7059,-74.2302,64.49,68,40,14.97
419,Wismar,DE,2022-12-21 21:00:14,53.9,11.4667,44.13,96,80,5.01
420,Wanaka,NZ,2022-12-21 21:00:16,-44.7,169.15,62.11,66,37,3.0
421,Weston,US,2022-12-21 20:57:55,26.1004,-80.3998,79.0,77,75,10.36
422,Consett,GB,2022-12-21 21:00:17,54.854,-1.8316,44.73,84,83,15.03
423,Sampit,ID,2022-12-21 21:00:18,-2.5333,112.95,74.3,98,100,2.48
424,Necochea,AR,2022-12-21 21:00:19,-38.5473,-58.7368,80.37,44,100,25.28
425,Saeby,DK,2022-12-21 21:00:19,57.3319,10.5225,40.96,94,100,14.45
426,Muisne,EC,2022-12-21 21:00:20,0.6,-80.0333,77.25,79,38,8.9
427,Inverell,AU,2022-12-21 21:00:21,-29.7833,151.1167,64.67,77,36,5.99
428,Stromness,GB,2022-12-21 21:00:21,58.965,-3.296,37.36,79,87,4.29
429,San Patricio,US,2022-12-21 21:00:22,28.017,-97.5169,57.9,63,100,2.35
430,A Coruna,ES,2022-12-21 21:00:22,43.3713,-8.396,63.79,77,75,8.05
431,Qiongshan,CN,2022-12-21 21:00:23,20.0058,110.3542,61.93,63,100,3.58
432,Blagoyevo,RU,2022-12-21 21:00:24,63.3667,47.9167,14.65,92,100,12.35
433,Sibu,MY,2022-12-21 21:00:25,2.3,111.8167,73.87,99,100,1.57
434,Coahuayana,MX,2022-12-21 21:00:25,18.7333,-103.6833,86.11,44,47,6.58
435,Talnakh,RU,2022-12-21 21:00:27,69.4865,88.3972,-11.34,98,100,7.54
436,Svetlogorsk,BY,2022-12-21 21:00:29,52.6333,29.7333,33.22,87,100,9.4
437,Shitkino,RU,2022-12-21 21:00:30,56.3703,98.3543,10.53,96,98,3.8
438,West Wendover,US,2022-12-21 21:00:33,40.7391,-114.0733,43.9,55,70,26.91
439,Terrace,CA,2022-12-21 20:55:39,54.5163,-128.6035,-4.09,49,0,23.02
440,Karratha,AU,2022-12-21 21:00:35,-20.7377,116.8463,74.97,77,22,5.03
441,Devils Lake,US,2022-12-21 21:00:36,48.1128,-98.8651,-12.89,97,100,8.52
442,Henties Bay,NA,2022-12-21 21:00:37,-22.116,14.2845,62.94,88,0,4.5
443,Kabinda,CD,2022-12-21 21:00:37,-6.1333,24.4833,65.39,97,100,0.76
444,Ozernovskiy,RU,2022-12-21 21:00:38,51.5,156.5167,33.22,84,100,19.01
445,Biguacu,BR,2022-12-21 21:00:38,-27.4942,-48.6556,72.95,96,34,4.88
446,Yelizavetino,RU,2022-12-21 21:00:39,59.4916,29.7938,34.36,99,100,9.82
447,Amapa,BR,2022-12-21 21:00:39,1.0,-52.0,73.51,97,100,4.21
448,San Ramon,US,2022-12-21 21:00:07,37.7799,-121.978,60.67,63,13,4.0
449,Rockhampton,AU,2022-12-21 22:00:20,-23.3833,150.5,73.29,64,42,9.22
450,Mareeba,AU,2022-12-21 22:02:33,-17.0,145.4333,76.44,84,100,7.81
451,Okha,RU,2022-12-21 22:02:34,53.5739,142.9478,3.13,94,98,21.61
452,Huarmey,PE,2022-12-21 22:02:34,-10.0681,-78.1522,73.53,77,99,9.98
453,Margate,GB,2022-12-21 22:02:35,51.3813,1.3862,49.3,94,94,1.99
454,Korhogo,CI,2022-12-21 22:02:35,9.45,-5.6333,73.13,18,80,5.99
455,Brigantine,US,2022-12-21 22:02:36,39.4101,-74.3646,39.02,71,0,4.61
456,Biak,ID,2022-12-21 22:03:36,-0.9131,122.8766,76.59,79,95,2.33
457,Glendive,US,2022-12-21 22:03:37,47.1053,-104.7125,-18.51,76,100,19.57
458,Champasak,LA,2022-12-21 22:03:37,14.75,106.0,60.84,93,100,0.87
459,Mehamn,NO,2022-12-21 22:03:38,71.0357,27.8492,24.75,86,75,6.91
460,Monywa,MM,2022-12-21 22:03:38,22.1167,95.1333,64.9,76,13,5.21
461,Mayma,RU,2022-12-21 22:03:38,52.0197,85.9114,25.54,84,76,4.23
462,Shenkursk,RU,2022-12-21 22:03:39,62.1091,42.896,20.05,93,100,13.51
463,La Seyne-Sur-Mer,FR,2022-12-21 22:01:56,43.0982,5.8847,56.88,85,2,7.0
464,Xuchang,CN,2022-12-21 22:03:39,34.0167,113.8167,28.22,23,0,6.55
465,Sidi Ali,DZ,2022-12-21 22:03:40,36.0998,0.4206,56.41,93,59,7.65
466,Bilibino,RU,2022-12-21 22:03:40,68.0546,166.4372,3.69,63,0,4.85
467,Staryy Nadym,RU,2022-12-21 22:03:41,65.6118,72.6842,-9.98,97,99,8.43
468,Lorengau,PG,2022-12-21 22:03:41,-2.0226,147.2712,81.39,79,85,1.77
469,Berdigestyakh,RU,2022-12-21 22:03:42,62.0989,126.6992,-39.48,100,56,1.81
470,Cascais,PT,2022-12-21 22:03:42,38.6979,-9.4215,64.51,95,86,30.0
471,Puerto Escondido,MX,2022-12-21 22:03:43,15.85,-97.0667,85.03,61,20,5.75
472,Yellandu,IN,2022-12-21 22:03:43,17.6,80.3333,63.25,62,91,1.63
473,Salitral,PE,2022-12-21 22:00:37,-4.8572,-80.6811,84.58,46,19,20.42
474,Kirksville,US,2022-12-21 22:03:44,40.1948,-92.5833,29.05,71,100,12.66
475,Inirida,CO,2022-12-21 22:03:30,3.8653,-67.9239,81.32,74,86,0.51
476,Kaseda,JP,2022-12-21 22:03:44,31.4167,130.3167,52.79,67,93,25.79
477,Nioki,CD,2022-12-21 22:03:45,-2.7167,17.6833,70.63,93,100,2.98
478,Bay City,US,2022-12-21 22:01:28,43.5945,-83.8889,23.41,70,0,3.44
479,Kamenka,RU,2022-12-21 22:03:45,51.3223,42.7678,27.82,94,100,6.85
480,Waddan,LY,2022-12-21 22:03:46,29.1614,16.139,55.56,83,58,12.46
481,Comonfort,MX,2022-12-21 22:03:46,20.7167,-100.7667,73.2,29,84,7.4
482,Tura,IN,2022-12-21 22:03:47,25.5198,90.2201,58.64,78,6,2.75
483,La Union,PE,2022-12-21 22:03:47,-5.4,-80.75,82.33,50,14,18.61
484,Kununurra,AU,2022-12-21 22:03:48,-15.7667,128.7333,76.98,94,100,5.75
485,Great Yarmouth,GB,2022-12-21 22:02:11,52.6083,1.7305,46.45,92,16,10.25
486,Chantada,ES,2022-12-21 22:03:49,42.6088,-7.7712,57.54,93,89,7.58
487,Pozo Colorado,PY,2022-12-21 22:03:49,-23.4923,-58.7972,93.11,27,7,6.4
488,Balkanabat,TM,2022-12-21 22:03:50,39.5108,54.3671,38.12,59,25,6.06
489,Kawalu,ID,2022-12-21 22:03:50,-7.3817,108.2082,73.53,93,96,2.04
490,Barberton,ZA,2022-12-21 22:03:51,-25.7884,31.0532,62.19,93,99,2.46
491,Gornopravdinsk,RU,2022-12-21 22:03:51,60.05,69.9,-24.07,99,66,4.65
492,Birao,CF,2022-12-21 22:03:52,10.2849,22.7882,70.77,31,55,4.61
493,Alghero,IT,2022-12-21 22:01:22,40.5589,8.3181,59.09,88,20,3.44
494,Saldanha,ZA,2022-12-21 22:03:52,-33.0117,17.9442,67.41,73,0,7.52
495,Lamar,US,2022-12-21 22:03:53,33.6668,-95.5836,52.36,49,0,6.91
496,Road Town,VG,2022-12-21 22:03:53,18.4167,-64.6167,80.64,74,40,10.36
497,Laurel,US,2022-12-21 22:00:05,39.0993,-76.8483,43.02,58,0,5.75
498,Khorixas,NA,2022-12-21 22:03:54,-20.3667,14.9667,65.93,48,7,6.58
499,Mananjary,MG,2022-12-21 22:03:54,-21.2167,48.3333,75.45,92,99,11.03
500,Kerema,PG,2022-12-21 22:03:55,-7.9631,145.7785,79.38,83,88,5.14
501,Flinders,AU,2022-12-21 22:03:55,-34.5833,150.8552,68.05,69,99,8.01
502,Copiapo,CL,2022-12-21 22:00:38,-27.3667,-70.3333,80.71,31,0,7.56
503,Merke,KZ,2022-12-21 22:03:56,42.8728,73.1786,21.56,88,50,2.13
504,Anito,PH,2022-12-21 22:04:56,12.4497,125.2886,76.78,89,43,2.73
505,Liberal,US,2022-12-21 22:04:57,37.0431,-100.921,51.04,37,0,3.44
506,Vilyuysk,RU,2022-12-21 22:04:57,63.7553,121.6247,-38.34,100,72,1.99
507,Missoula,US,2022-12-21 22:01:02,47.0166,-113.8009,-7.2,68,100,3.2
508,Batemans Bay,AU,2022-12-21 22:04:58,-35.7167,150.1833,63.1,60,100,5.41
509,Maragogi,BR,2022-12-21 22:04:58,-9.0122,-35.2225,79.39,75,65,12.5
510,Luzhou,CN,2022-12-21 22:04:59,28.8724,105.4405,46.44,77,70,1.34
511,Guangshui,CN,2022-12-21 22:04:59,31.6199,113.9978,36.68,41,0,8.43
512,Torit,SS,2022-12-21 22:05:00,4.4133,32.5678,79.57,32,56,1.12
513,Tombouctou,ML,2022-12-21 22:05:00,20.0,-3.0,66.94,23,0,10.2
514,Great Falls,US,2022-12-21 22:04:48,47.5002,-111.3008,-17.34,72,100,6.91
515,Magadan,RU,2022-12-21 22:05:01,59.5667,150.8,29.28,52,97,24.79
516,Kirakira,SB,2022-12-21 22:05:01,-10.4544,161.9205,83.71,76,86,6.13
517,Ternate,ID,2022-12-21 22:05:02,0.8,127.4,81.19,82,64,5.99
518,Ushibuka,JP,2022-12-21 22:05:03,32.1906,130.0228,51.24,63,100,26.78
519,Idukki,IN,2022-12-21 22:05:03,9.85,76.9667,64.56,92,93,3.89
520,Sao Borja,BR,2022-12-21 22:05:03,-28.6606,-56.0044,86.95,21,6,4.23
521,Araceli,PH,2022-12-21 22:05:04,10.5529,119.9913,79.59,83,53,10.45
522,Hay River,CA,2022-12-21 22:05:05,60.8156,-115.7999,-20.38,98,30,3.71
523,Sambava,MG,2022-12-21 22:05:05,-14.2667,50.1667,76.84,84,64,3.51
524,Coquimbo,CL,2022-12-21 22:05:06,-29.9533,-71.3436,64.13,82,40,9.22
525,Ishigaki,JP,2022-12-21 22:05:06,24.3448,124.1572,62.67,59,14,27.72
526,Portland,US,2022-12-21 22:02:00,45.5234,-122.6762,43.0,65,0,10.36
527,Stuttgart,DE,2022-12-21 22:00:41,48.7823,9.177,50.54,89,0,5.75
528,Stornoway,GB,2022-12-21 22:05:07,58.2093,-6.3865,35.56,100,87,4.61
529,Geraldton,AU,2022-12-21 22:05:07,-28.7667,114.6,63.01,77,88,8.05
530,Vila Franca Do Campo,PT,2022-12-21 22:05:08,37.7167,-25.4333,67.19,92,95,16.69
531,Talcahuano,CL,2022-12-21 22:05:09,-36.7167,-73.1167,69.48,64,20,9.22
532,Talara,PE,2022-12-21 22:05:09,-4.5772,-81.2719,75.96,73,0,14.97
533,Kyshtovka,RU,2022-12-21 22:05:10,56.555,76.6271,-13.97,99,87,6.42
534,Soller,ES,2022-12-21 22:05:10,39.7662,2.7152,56.03,73,4,1.01
535,Billings,US,2022-12-21 22:05:11,45.7833,-108.5007,-9.27,67,40,5.01
536,Albesti,RO,2022-12-21 22:05:11,47.7,27.0667,33.13,60,93,4.38
537,Ontario,US,2022-12-21 22:05:12,34.0633,-117.6509,75.45,26,20,10.36
538,Bowen,AU,2022-12-21 22:05:12,-20.0167,148.2333,78.85,57,98,17.05
539,Hambantota,LK,2022-12-21 22:05:13,6.1241,81.1185,73.74,100,20,2.3
540,Adrar,MR,2022-12-21 22:05:13,20.5022,-10.0711,64.35,19,0,11.23
541,Halifax,CA,2022-12-21 22:02:39,44.6453,-63.5724,37.47,84,100,5.01
542,La Peca,PE,2022-12-21 22:05:14,-5.6111,-78.435,83.91,46,60,6.51
543,Tortoli,IT,2022-12-21 22:05:14,39.9256,9.6572,56.21,82,62,5.26
544,Broken Hill,AU,2022-12-21 22:05:16,-31.95,141.4333,75.34,59,80,9.89
545,Dzierzoniow,PL,2022-12-21 22:05:16,50.7282,16.6514,39.25,97,88,9.4
546,Seymchan,RU,2022-12-21 22:05:17,62.8833,152.4333,-7.74,96,30,4.16
547,Zilair,RU,2022-12-21 22:05:17,52.2332,57.4392,-8.36,100,100,2.77
548,Ajnala,IN,2022-12-21 22:05:18,31.8425,74.7589,49.96,100,100,0.0
549,Palauig,PH,2022-12-21 22:05:19,15.435,119.9045,75.63,80,100,16.17
550,Krasnyy Chikoy,RU,2022-12-21 22:05:19,50.3643,108.7512,-10.08,98,95,1.77
551,Voskresenskoye,RU,2022-12-21 22:06:20,56.8381,45.4317,13.15,94,99,9.04
552,La Ronge,CA,2022-12-21 22:06:20,55.1001,-105.2842,0.68,89,100,11.5
553,Tuscaloosa,US,2022-12-21 22:02:50,33.2098,-87.5692,51.58,82,100,3.44
554,Meget,RU,2022-12-21 22:06:21,52.415,104.0494,18.36,97,52,5.1
555,Frankfort,ZA,2022-12-21 22:06:22,-27.2667,28.4833,53.82,88,0,7.65
556,Kupang,ID,2022-12-21 22:06:22,-10.1667,123.5833,79.66,82,98,7.09
557,Bongandanga,CD,2022-12-21 22:06:23,1.5,21.05,72.12,84,96,2.48
558,Menongue,AO,2022-12-21 22:06:23,-14.6585,17.691,65.95,78,100,7.43
559,Bud,US,2022-12-21 22:06:23,39.447,-86.1758,40.75,59,100,6.26
560,Stawell,AU,2022-12-21 22:06:24,-37.05,142.7667,65.89,58,89,5.08
561,Tautira,PF,2022-12-21 22:03:06,-17.7333,-149.15,80.06,82,21,18.97
562,Ugoofaaru,MV,2022-12-21 22:06:25,5.6667,73.0,80.56,76,91,6.31
563,Skibbereen,IE,2022-12-21 22:06:25,51.55,-9.2667,51.12,98,100,5.99
564,Belaya Gora,RU,2022-12-21 22:06:26,68.5333,146.4167,-18.98,100,73,1.63
565,Hammerfest,NO,2022-12-21 22:06:26,70.6634,23.6821,19.85,79,75,3.44
566,Russkiy Kameshkir,RU,2022-12-21 22:06:27,52.8589,46.0892,17.37,98,84,6.64
